,team,coach,year,num_games_coached
0,ATL,Dan Reeves,1999,16
1,BAL,Brian Billick,1999,16
2,BUF,Wade Phillips,1999,16
3,CAR,George Seifert,1999,16
4,CHI,Dick Jauron,1999,16
5,CIN,Bruce Coslet,1999,16
6,CLE,Chris Palmer,1999,16
7,DAL,Chan Gailey,1999,16
8,DEN,Mike Shanahan,1999,16
9,DET,Bobby Ross,1999,16
10,GNB,Ray Rhodes,1999,16
11,IND,Jim Mora,1999,16
12,JAX,Tom Coughlin,1999,16
13,KAN,Gunther Cunningham,1999,16
14,MIA,Jimmy Johnson,1999,16
15,MIN,Dennis Green,1999,16
16,NOR,Mike Ditka,1999,16
17,NWE,Pete Carroll,1999,16
18,NYG,Jim Fassel,1999,16
19,NYJ,Bill Parcells,1999,16
20,OAK,Jon Gruden,1999,16
21,PHI,Andy Reid,1999,16
22,PIT,Bill Cowher,1999,16
23,SDG,Mike Riley,1999,16
24,SEA,Mike Holmgren,1999,16
25,SFO,Steve Mariucci,1999,16
26,STL,Dick Vermeil,1999,16
27,TAM,Tony Dungy,1999,16
28,TEN,Jeff Fisher,1999,16
29,WAS,Norv Turner,1999,16
0,ARI,Dave McGinnis,2000,9
1,ATL,Dan Reeves,2000,16
2,BAL,Brian Billick,2000,16
3,BUF,Wade Phillips,2000,16
4,CAR,George Seifert,2000,16
5,CHI,Dick Jauron,2000,16
6,CIN,Dick LeBeau,2000,13
7,CLE,Chris Palmer,2000,16
8,DAL,Dave Campo,2000,16
9,DEN,Mike Shanahan,2000,16
10,DET,Bobby Ross,2000,9
11,GNB,Mike Sherman,2000,16
12,IND,Jim Mora,2000,16
13,JAX,Tom Coughlin,2000,16
14,KAN,Gunther Cunningham,2000,16
15,MIA,Dave Wannstedt,2000,16
16,MIN,Dennis Green,2000,16
17,NOR,Jim Haslett,2000,16
18,NWE,Bill Belichick,2000,16
19,NYG,Jim Fassel,2000,16
20,NYJ,Al Groh,2000,16
21,OAK,Jon Gruden,2000,16
22,PHI,Andy Reid,2000,16
23,PIT,Bill Cowher,2000,16
24,SDG,Mike Riley,2000,16
25,SEA,Mike Holmgren,2000,16
26,SFO,Steve Mariucci,2000,16
27,STL,Mike Martz,2000,16
28,TAM,Tony Dungy,2000,16
29,TEN,Jeff Fisher,2000,16
30,WAS,Norv Turner,2000,13
0,ATL,Dan Reeves,2001,16
1,BAL,Brian Billick,2001,16
2,BUF,Gregg Williams,2001,16
3,CAR,George Seifert,2001,16
4,CHI,Dick Jauron,2001,16
5,CIN,Dick LeBeau,2001,16
6,CLE,Butch Davis,2001,16
7,DAL,Dave Campo,2001,16
8,DEN,Mike Shanahan,2001,16
9,DET,Marty Mornhinweg,2001,16
10,GNB,Mike Sherman,2001,16
11,IND,Jim Mora,2001,16
12,JAX,Tom Coughlin,2001,16
13,KAN,Dick Vermeil,2001,16
14,MIA,Dave Wannstedt,2001,16
15,MIN,Dennis Green,2001,15
16,NOR,Jim Haslett,2001,16
17,NWE,Bill Belichick,2001,16
18,NYG,Jim Fassel,2001,16
19,NYJ,Herm Edwards,2001,16
20,OAK,Jon Gruden,2001,16
21,PHI,Andy Reid,2001,16
22,PIT,Bill Cowher,2001,16
23,SDG,Mike Riley,2001,16
24,SEA,Mike Holmgren,2001,16
25,SFO,Steve Mariucci,2001,16
26,STL,Mike Martz,2001,16
27,TAM,Tony Dungy,2001,16
28,TEN,Jeff Fisher,2001,16
29,WAS,Marty Schottenheimer,2001,16
0,ATL,Dan Reeves,2002,16
1,BAL,Brian Billick,2002,16
2,BUF,Gregg Williams,2002,16
3,CAR,John Fox,2002,16
4,CHI,Dick Jauron,2002,16
5,CIN,Dick LeBeau,2002,16
6,CLE,Butch Davis,2002,16
7,DAL,Dave Campo,2002,16
8,DEN,Mike Shanahan,2002,16
9,DET,Marty Mornhinweg,2002,16
10,GNB,Mike Sherman,2002,16
11,HOU,Dom Capers,2002,16
12,IND,Tony Dungy,2002,16
13,JAX,Tom Coughlin,2002,16
14,KAN,Dick Vermeil,2002,16
15,MIA,Dave Wannstedt,2002,16
16,MIN,Mike Tice,2002,16
17,NOR,Jim Haslett,2002,16
18,NWE,Bill Belichick,2002,16
19,NYG,Jim Fassel,2002,16
20,NYJ,Herm Edwards,2002,16
21,OAK,Bill Callahan,2002,16
22,PHI,Andy Reid,2002,16
23,PIT,Bill Cowher,2002,16
24,SDG,Marty Schottenheimer,2002,16
25,SEA,Mike Holmgren,2002,16
26,SFO,Steve Mariucci,2002,16
27,STL,Mike Martz,2002,16
28,TAM,Jon Gruden,2002,16
29,TEN,Jeff Fisher,2002,16
30,WAS,Steve Spurrier,2002,16
0,ATL,Dan Reeves,2003,13
1,BAL,Brian Billick,2003,16
2,BUF,Gregg Williams,2003,16
3,CAR,John Fox,2003,16
4,CHI,Dick Jauron,2003,16
5,CIN,Marvin Lewis,2003,16
6,CLE,Butch Davis,2003,16
7,DAL,Bill Parcells,2003,16
8,DEN,Mike Shanahan,2003,16
9,DET,Steve Mariucci,2003,16
10,GNB,Mike Sherman,2003,16
11,HOU,Dom Capers,2003,16
12,IND,Tony Dungy,2003,16
13,JAX,Jack Del Rio,2003,16
14,KAN,Dick Vermeil,2003,16
15,MIA,Dave Wannstedt,2003,16
16,MIN,Mike Tice,2003,16
17,NOR,Jim Haslett,2003,16
18,NWE,Bill Belichick,2003,16
19,NYG,Jim Fassel,2003,16
20,NYJ,Herm Edwards,2003,16
21,OAK,Bill Callahan,2003,16
22,PHI,Andy Reid,2003,16
23,PIT,Bill Cowher,2003,16
24,SDG,Marty Schottenheimer,2003,16
25,SEA,Mike Holmgren,2003,16
26,SFO,Dennis Erickson,2003,16
27,STL,Mike Martz,2003,16
28,TAM,Jon Gruden,2003,16
29,TEN,Jeff Fisher,2003,16
30,WAS,Steve Spurrier,2003,16
0,ATL,Jim Mora,2004,16
1,BAL,Brian Billick,2004,16
2,BUF,Mike Mularkey,2004,16
3,CAR,John Fox,2004,16
4,CHI,Lovie Smith,2004,16
5,CIN,Marvin Lewis,2004,16
6,CLE,Butch Davis,2004,11
7,DAL,Bill Parcells,2004,16
8,DEN,Mike Shanahan,2004,16
9,DET,Steve Mariucci,2004,16
10,GNB,Mike Sherman,2004,16
11,HOU,Dom Capers,2004,16
12,IND,Tony Dungy,2004,16
13,JAX,Jack Del Rio,2004,16
14,KAN,Dick Vermeil,2004,16
15,MIA,Dave Wannstedt,2004,9
16,MIN,Mike Tice,2004,16
17,NOR,Jim Haslett,2004,16
18,NWE,Bill Belichick,2004,16
19,NYG,Tom Coughlin,2004,16
20,NYJ,Herm Edwards,2004,16
21,OAK,Norv Turner,2004,16
22,PHI,Andy Reid,2004,16
23,PIT,Bill Cowher,2004,16
24,SDG,Marty Schottenheimer,2004,16
25,SEA,Mike Holmgren,2004,16
26,SFO,Dennis Erickson,2004,16
27,STL,Mike Martz,2004,16
28,TAM,Jon Gruden,2004,16
29,TEN,Jeff Fisher,2004,16
30,WAS,Joe Gibbs,2004,16
0,ATL,Jim Mora,2005,16
1,BAL,Brian Billick,2005,16
2,BUF,Mike Mularkey,2005,16
3,CAR,John Fox,2005,16
4,CHI,Lovie Smith,2005,16
5,CIN,Marvin Lewis,2005,16
6,CLE,Romeo Crennel,2005,16
7,DAL,Bill Parcells,2005,16
8,DEN,Mike Shanahan,2005,16
9,DET,Steve Mariucci,2005,11
10,GNB,Mike Sherman,2005,16
11,HOU,Dom Capers,2005,16
12,IND,Tony Dungy,2005,16
13,JAX,Jack Del Rio,2005,16
14,KAN,Dick Vermeil,2005,16
15,MIA,Nick Saban,2005,16
16,MIN,Mike Tice,2005,16
17,NOR,Jim Haslett,2005,16
18,NWE,Bill Belichick,2005,16
19,NYG,Tom Coughlin,2005,16
20,NYJ,Herm Edwards,2005,16
21,OAK,Norv Turner,2005,16
22,PHI,Andy Reid,2005,16
23,PIT,Bill Cowher,2005,16
24,SDG,Marty Schottenheimer,2005,16
25,SEA,Mike Holmgren,2005,16
26,SFO,Mike Nolan,2005,16
27,STL,Joe Vitt,2005,11
28,TAM,Jon Gruden,2005,16
29,TEN,Jeff Fisher,2005,16
30,WAS,Joe Gibbs,2005,16
0,ATL,Jim Mora,2006,16
1,BAL,Brian Billick,2006,16
2,BUF,Dick Jauron,2006,16
3,CAR,John Fox,2006,16
4,CHI,Lovie Smith,2006,16
5,CIN,Marvin Lewis,2006,16
6,CLE,Romeo Crennel,2006,16
7,DAL,Bill Parcells,2006,16
8,DEN,Mike Shanahan,2006,16
9,DET,Rod Marinelli,2006,16
10,GNB,Mike McCarthy,2006,16
11,HOU,Gary Kubiak,2006,16
12,IND,Tony Dungy,2006,16
13,JAX,Jack Del Rio,2006,16
14,KAN,Herm Edwards,2006,16
15,MIA,Nick Saban,2006,16
16,MIN,Brad Childress,2006,16
17,NOR,Sean Payton,2006,16
18,NWE,Bill Belichick,2006,16
19,NYG,Tom Coughlin,2006,16
20,NYJ,Eric Mangini,2006,16
21,OAK,Art Shell,2006,16
22,PHI,Andy Reid,2006,16
23,PIT,Bill Cowher,2006,16
24,SDG,Marty Schottenheimer,2006,16
25,SEA,Mike Holmgren,2006,16
26,SFO,Mike Nolan,2006,16
27,STL,Scott Linehan,2006,16
28,TAM,Jon Gruden,2006,16
29,TEN,Jeff Fisher,2006,16
30,WAS,Joe Gibbs,2006,16
0,ATL,Bobby Petrino,2007,13
1,BAL,Brian Billick,2007,16
2,BUF,Dick Jauron,2007,16
3,CAR,John Fox,2007,16
4,CHI,Lovie Smith,2007,16
5,CIN,Marvin Lewis,2007,16
6,CLE,Romeo Crennel,2007,16
7,DAL,Wade Phillips,2007,16
8,DEN,Mike Shanahan,2007,16
9,DET,Rod Marinelli,2007,16
10,GNB,Mike McCarthy,2007,16
11,HOU,Gary Kubiak,2007,16
12,IND,Tony Dungy,2007,16
13,JAX,Jack Del Rio,2007,16
14,KAN,Herm Edwards,2007,16
15,MIA,Cam Cameron,2007,16
16,MIN,Brad Childress,2007,16
17,NOR,Sean Payton,2007,16
18,NWE,Bill Belichick,2007,16
19,NYG,Tom Coughlin,2007,16
20,NYJ,Eric Mangini,2007,16
21,OAK,Lane Kiffin,2007,16
22,PHI,Andy Reid,2007,16
23,PIT,Mike Tomlin,2007,16
24,SDG,Norv Turner,2007,16
25,SEA,Mike Holmgren,2007,16
26,SFO,Mike Nolan,2007,16
27,STL,Scott Linehan,2007,16
28,TAM,Jon Gruden,2007,16
29,TEN,Jeff Fisher,2007,16
30,WAS,Joe Gibbs,2007,16
0,ATL,Mike Smith,2008,16
1,BAL,John Harbaugh,2008,16
2,BUF,Dick Jauron,2008,16
3,CAR,John Fox,2008,16
4,CHI,Lovie Smith,2008,16
5,CIN,Marvin Lewis,2008,16
6,CLE,Romeo Crennel,2008,16
7,DAL,Wade Phillips,2008,16
8,DEN,Mike Shanahan,2008,16
9,DET,Rod Marinelli,2008,16
10,GNB,Mike McCarthy,2008,16
11,HOU,Gary Kubiak,2008,16
12,IND,Tony Dungy,2008,16
13,JAX,Jack Del Rio,2008,16
14,KAN,Herm Edwards,2008,16
15,MIA,Tony Sparano,2008,16
16,MIN,Brad Childress,2008,16
17,NOR,Sean Payton,2008,16
18,NWE,Bill Belichick,2008,16
19,NYG,Tom Coughlin,2008,16
20,NYJ,Eric Mangini,2008,16
21,OAK,Tom Cable,2008,12
22,PHI,Andy Reid,2008,16
23,PIT,Mike Tomlin,2008,16
24,SDG,Norv Turner,2008,16
25,SEA,Mike Holmgren,2008,16
26,SFO,Mike Singletary,2008,9
27,STL,Jim Haslett,2008,12
28,TAM,Jon Gruden,2008,16
29,TEN,Jeff Fisher,2008,16
30,WAS,Jim Zorn,2008,16
0,ATL,Mike Smith,2009,16
1,BAL,John Harbaugh,2009,16
2,BUF,Dick Jauron,2009,9
3,CAR,John Fox,2009,16
4,CHI,Lovie Smith,2009,16
5,CIN,Marvin Lewis,2009,16
6,CLE,Eric Mangini,2009,16
7,DAL,Wade Phillips,2009,16
8,DEN,Josh McDaniels,2009,16
9,DET,Jim Schwartz,2009,16
10,GNB,Mike McCarthy,2009,16
11,HOU,Gary Kubiak,2009,16
12,IND,Jim Caldwell,2009,16
13,JAX,Jack Del Rio,2009,16
14,KAN,Todd Haley,2009,16
15,MIA,Tony Sparano,2009,16
16,MIN,Brad Childress,2009,16
17,NOR,Sean Payton,2009,16
18,NWE,Bill Belichick,2009,16
19,NYG,Tom Coughlin,2009,16
20,NYJ,Rex Ryan,2009,16
21,OAK,Tom Cable,2009,16
22,PHI,Andy Reid,2009,16
23,PIT,Mike Tomlin,2009,16
24,SDG,Norv Turner,2009,16
25,SEA,Jim Mora,2009,16
26,SFO,Mike Singletary,2009,16
27,STL,Steve Spagnuolo,2009,16
28,TAM,Raheem Morris,2009,16
29,TEN,Jeff Fisher,2009,16
30,WAS,Jim Zorn,2009,16
0,ATL,Mike Smith,2010,16
1,BAL,John Harbaugh,2010,16
2,BUF,Chan Gailey,2010,16
3,CAR,John Fox,2010,16
4,CHI,Lovie Smith,2010,16
5,CIN,Marvin Lewis,2010,16
6,CLE,Eric Mangini,2010,16
7,DAL,Jason Garrett,2010,8
8,DEN,Josh McDaniels,2010,12
9,DET,Jim Schwartz,2010,16
10,GNB,Mike McCarthy,2010,16
11,HOU,Gary Kubiak,2010,16
12,IND,Jim Caldwell,2010,16
13,JAX,Jack Del Rio,2010,16
14,KAN,Todd Haley,2010,16
15,MIA,Tony Sparano,2010,16
16,MIN,Brad Childress,2010,10
17,NOR,Sean Payton,2010,16
18,NWE,Bill Belichick,2010,16
19,NYG,Tom Coughlin,2010,16
20,NYJ,Rex Ryan,2010,16
21,OAK,Tom Cable,2010,16
22,PHI,Andy Reid,2010,16
23,PIT,Mike Tomlin,2010,16
24,SDG,Norv Turner,2010,16
25,SEA,Pete Carroll,2010,16
26,SFO,Mike Singletary,2010,15
27,STL,Steve Spagnuolo,2010,16
28,TAM,Raheem Morris,2010,16
29,TEN,Jeff Fisher,2010,16
30,WAS,Mike Shanahan,2010,16
0,ATL,Mike Smith,2011,16
1,BAL,John Harbaugh,2011,16
2,BUF,Chan Gailey,2011,16
3,CAR,Ron Rivera,2011,16
4,CHI,Lovie Smith,2011,16
5,CIN,Marvin Lewis,2011,16
6,CLE,Pat Shurmur,2011,16
7,DAL,Jason Garrett,2011,16
8,DEN,John Fox,2011,16
9,DET,Jim Schwartz,2011,16
10,GNB,Mike McCarthy,2011,16
11,HOU,Gary Kubiak,2011,16
12,IND,Jim Caldwell,2011,16
13,JAX,Jack Del Rio,2011,11
14,KAN,Todd Haley,2011,13
15,MIA,Tony Sparano,2011,13
16,MIN,Leslie Frazier,2011,16
17,NOR,Sean Payton,2011,16
18,NWE,Bill Belichick,2011,16
19,NYG,Tom Coughlin,2011,16
20,NYJ,Rex Ryan,2011,16
21,OAK,Hue Jackson,2011,16
22,PHI,Andy Reid,2011,16
23,PIT,Mike Tomlin,2011,16
24,SDG,Norv Turner,2011,16
25,SEA,Pete Carroll,2011,16
26,SFO,Jim Harbaugh,2011,16
27,STL,Steve Spagnuolo,2011,16
28,TAM,Raheem Morris,2011,16
29,TEN,Mike Munchak,2011,16
30,WAS,Mike Shanahan,2011,16
0,ATL,Mike Smith,2012,16
1,BAL,John Harbaugh,2012,16
2,BUF,Chan Gailey,2012,16
3,CAR,Ron Rivera,2012,16
4,CHI,Lovie Smith,2012,16
5,CIN,Marvin Lewis,2012,16
6,CLE,Pat Shurmur,2012,16
7,DAL,Jason Garrett,2012,16
8,DEN,John Fox,2012,16
9,DET,Jim Schwartz,2012,16
10,GNB,Mike McCarthy,2012,16
11,HOU,Gary Kubiak,2012,16
12,IND,Chuck Pagano,2012,16
13,JAX,Mike Mularkey,2012,16
14,KAN,Romeo Crennel,2012,16
15,MIA,Joe Philbin,2012,16
16,MIN,Leslie Frazier,2012,16
17,NOR,Joe Vitt,2012,10
18,NWE,Bill Belichick,2012,16
19,NYG,Tom Coughlin,2012,16
20,NYJ,Rex Ryan,2012,16
21,OAK,Dennis Allen,2012,16
22,PHI,Andy Reid,2012,16
23,PIT,Mike Tomlin,2012,16
24,SDG,Norv Turner,2012,16
25,SEA,Pete Carroll,2012,16
26,SFO,Jim Harbaugh,2012,16
27,STL,Jeff Fisher,2012,16
28,TAM,Greg Schiano,2012,16
29,TEN,Mike Munchak,2012,16
30,WAS,Mike Shanahan,2012,16
0,ATL,Mike Smith,2013,16
1,BAL,John Harbaugh,2013,16
2,BUF,Doug Marrone,2013,16
3,CAR,Ron Rivera,2013,16
4,CHI,Marc Trestman,2013,16
5,CIN,Marvin Lewis,2013,16
6,CLE,Rob Chudzinski,2013,16
7,DAL,Jason Garrett,2013,16
8,DEN,John Fox,2013,16
9,DET,Jim Schwartz,2013,16
10,GNB,Mike McCarthy,2013,16
11,HOU,Gary Kubiak,2013,13
12,IND,Chuck Pagano,2013,16
13,JAX,Gus Bradley,2013,16
14,KAN,Andy Reid,2013,16
15,MIA,Joe Philbin,2013,16
16,MIN,Leslie Frazier,2013,16
17,NOR,Sean Payton,2013,16
18,NWE,Bill Belichick,2013,16
19,NYG,Tom Coughlin,2013,16
20,NYJ,Rex Ryan,2013,16
21,OAK,Dennis Allen,2013,16
22,PHI,Chip Kelly,2013,16
23,PIT,Mike Tomlin,2013,16
24,SDG,Mike McCoy,2013,16
25,SEA,Pete Carroll,2013,16
26,SFO,Jim Harbaugh,2013,16
27,STL,Jeff Fisher,2013,16
28,TAM,Greg Schiano,2013,16
29,TEN,Mike Munchak,2013,16
30,WAS,Mike Shanahan,2013,16
0,ATL,Mike Smith,2014,16
1,BAL,John Harbaugh,2014,16
2,BUF,Doug Marrone,2014,16
3,CAR,Ron Rivera,2014,16
4,CHI,Marc Trestman,2014,16
5,CIN,Marvin Lewis,2014,16
6,CLE,Mike Pettine,2014,16
7,DAL,Jason Garrett,2014,16
8,DEN,John Fox,2014,16
9,DET,Jim Caldwell,2014,16
10,GNB,Mike McCarthy,2014,16
11,HOU,Bill O'Brien,2014,16
12,IND,Chuck Pagano,2014,16
13,JAX,Gus Bradley,2014,16
14,KAN,Andy Reid,2014,16
15,MIA,Joe Philbin,2014,16
16,MIN,Mike Zimmer,2014,16
17,NOR,Sean Payton,2014,16
18,NWE,Bill Belichick,2014,16
19,NYG,Tom Coughlin,2014,16
20,NYJ,Rex Ryan,2014,16
21,OAK,Tony Sparano,2014,12
22,PHI,Chip Kelly,2014,16
23,PIT,Mike Tomlin,2014,16
24,SDG,Mike McCoy,2014,16
25,SEA,Pete Carroll,2014,16
26,SFO,Jim Harbaugh,2014,16
27,STL,Jeff Fisher,2014,16
28,TAM,Lovie Smith,2014,16
29,TEN,Ken Whisenhunt,2014,16
30,WAS,Jay Gruden,2014,16
0,ATL,Dan Quinn,2015,16
1,BAL,John Harbaugh,2015,16
2,BUF,Rex Ryan,2015,16
3,CAR,Ron Rivera,2015,16
4,CHI,John Fox,2015,16
5,CIN,Marvin Lewis,2015,16
6,CLE,Mike Pettine,2015,16
7,DAL,Jason Garrett,2015,16
8,DEN,Gary Kubiak,2015,16
9,DET,Jim Caldwell,2015,16
10,GNB,Mike McCarthy,2015,16
11,HOU,Bill O'Brien,2015,16
12,IND,Chuck Pagano,2015,16
13,JAX,Gus Bradley,2015,16
14,KAN,Andy Reid,2015,16
15,MIA,Dan Campbell,2015,12
16,MIN,Mike Zimmer,2015,16
17,NOR,Sean Payton,2015,16
18,NWE,Bill Belichick,2015,16
19,NYG,Tom Coughlin,2015,16
20,NYJ,Todd Bowles,2015,16
21,OAK,Jack Del Rio,2015,16
22,PHI,Chip Kelly,2015,15
23,PIT,Mike Tomlin,2015,16
24,SDG,Mike McCoy,2015,16
25,SEA,Pete Carroll,2015,16
26,SFO,Jim Tomsula,2015,16
27,STL,Jeff Fisher,2015,16
28,TAM,Lovie Smith,2015,16
29,TEN,Mike Mularkey,2015,9
30,WAS,Jay Gruden,2015,16
0,ATL,Dan Quinn,2016,16
1,BAL,John Harbaugh,2016,16
2,BUF,Rex Ryan,2016,15
3,CAR,Ron Rivera,2016,16
4,CHI,John Fox,2016,16
5,CIN,Marvin Lewis,2016,16
6,CLE,Hue Jackson,2016,16
7,DAL,Jason Garrett,2016,16
8,DEN,Gary Kubiak,2016,16
9,DET,Jim Caldwell,2016,16
10,GNB,Mike McCarthy,2016,16
11,HOU,Bill O'Brien,2016,16
12,IND,Chuck Pagano,2016,16
13,JAX,Gus Bradley,2016,14
14,KAN,Andy Reid,2016,16
15,LAR,Jeff Fisher,2016,13
16,MIA,Adam Gase,2016,16
17,MIN,Mike Zimmer,2016,16
18,NOR,Sean Payton,2016,16
19,NWE,Bill Belichick,2016,16
20,NYG,Ben McAdoo,2016,16
21,NYJ,Todd Bowles,2016,16
22,OAK,Jack Del Rio,2016,16
23,PHI,Doug Pederson,2016,16
24,PIT,Mike Tomlin,2016,16
25,SDG,Mike McCoy,2016,16
26,SEA,Pete Carroll,2016,16
27,SFO,Chip Kelly,2016,16
28,TAM,Dirk Koetter,2016,16
29,TEN,Mike Mularkey,2016,16
30,WAS,Jay Gruden,2016,16
0,ATL,Dan Quinn,2017,16
1,BAL,John Harbaugh,2017,16
2,BUF,Sean McDermott,2017,16
3,CAR,Ron Rivera,2017,16
4,CHI,John Fox,2017,16
5,CIN,Marvin Lewis,2017,16
6,CLE,Hue Jackson,2017,16
7,DAL,Jason Garrett,2017,16
8,DEN,Vance Joseph,2017,16
9,DET,Jim Caldwell,2017,16
10,GNB,Mike McCarthy,2017,16
11,HOU,Bill O'Brien,2017,16
12,IND,Chuck Pagano,2017,16
13,JAX,Doug Marrone,2017,16
14,KAN,Andy Reid,2017,16
15,LAC,Anthony Lynn,2017,16
16,LAR,Sean McVay,2017,16
17,MIA,Adam Gase,2017,16
18,MIN,Mike Zimmer,2017,16
19,NOR,Sean Payton,2017,16
20,NWE,Bill Belichick,2017,16
21,NYG,Ben McAdoo,2017,12
22,NYJ,Todd Bowles,2017,16
23,OAK,Jack Del Rio,2017,16
24,PHI,Doug Pederson,2017,16
25,PIT,Mike Tomlin,2017,16
26,SEA,Pete Carroll,2017,16
27,SFO,Kyle Shanahan,2017,16
28,TAM,Dirk Koetter,2017,16
29,TEN,Mike Mularkey,2017,16
30,WAS,Jay Gruden,2017,16
0,ATL,Dan Quinn,2018,16
1,BAL,John Harbaugh,2018,16
2,BUF,Sean McDermott,2018,16
3,CAR,Ron Rivera,2018,16
4,CHI,Matt Nagy,2018,16
5,CIN,Marvin Lewis,2018,16
6,CLE,Hue Jackson,2018,8
7,DAL,Jason Garrett,2018,16
8,DEN,Vance Joseph,2018,16
9,DET,Matt Patricia,2018,16
10,GNB,Mike McCarthy,2018,12
11,HOU,Bill O'Brien,2018,16
12,IND,Frank Reich,2018,16
13,JAX,Doug Marrone,2018,16
14,KAN,Andy Reid,2018,16
15,LAC,Anthony Lynn,2018,16
16,LAR,Sean McVay,2018,16
17,MIA,Adam Gase,2018,16
18,MIN,Mike Zimmer,2018,16
19,NOR,Sean Payton,2018,16
20,NWE,Bill Belichick,2018,16
21,NYG,Pat Shurmur,2018,16
22,NYJ,Todd Bowles,2018,16
23,OAK,Jon Gruden,2018,16
24,PHI,Doug Pederson,2018,16
25,PIT,Mike Tomlin,2018,16
26,SEA,Pete Carroll,2018,16
27,SFO,Kyle Shanahan,2018,16
28,TAM,Dirk Koetter,2018,16
29,TEN,Mike Vrabel,2018,16
30,WAS,Jay Gruden,2018,16
0,ATL,Dan Quinn,2019,16
1,BAL,John Harbaugh,2019,16
2,BUF,Sean McDermott,2019,16
3,CAR,Ron Rivera,2019,12
4,CHI,Matt Nagy,2019,16
5,CIN,Zac Taylor,2019,16
6,CLE,Freddie Kitchens,2019,16
7,DAL,Jason Garrett,2019,16
8,DEN,Vic Fangio,2019,16
9,DET,Matt Patricia,2019,16
10,GNB,Matt LaFleur,2019,16
11,HOU,Bill O'Brien,2019,16
12,IND,Frank Reich,2019,16
13,JAX,Doug Marrone,2019,16
14,KAN,Andy Reid,2019,16
15,LAC,Anthony Lynn,2019,16
16,LAR,Sean McVay,2019,16
17,MIA,Brian Flores,2019,16
18,MIN,Mike Zimmer,2019,16
19,NOR,Sean Payton,2019,16
20,NWE,Bill Belichick,2019,16
21,NYG,Pat Shurmur,2019,16
22,NYJ,Adam Gase,2019,16
23,OAK,Jon Gruden,2019,16
24,PHI,Doug Pederson,2019,16
25,PIT,Mike Tomlin,2019,16
26,SEA,Pete Carroll,2019,16
27,SFO,Kyle Shanahan,2019,16
28,TAM,Bruce Arians,2019,16
29,TEN,Mike Vrabel,2019,16
30,WAS,Bill Callahan,2019,11
0,ATL,Raheem Morris,2020,11
1,BAL,John Harbaugh,2020,16
2,BUF,Sean McDermott,2020,16
3,CAR,Matt Rhule,2020,16
4,CHI,Matt Nagy,2020,16
5,CIN,Zac Taylor,2020,16
6,CLE,Kevin Stefanski,2020,16
7,DAL,Mike McCarthy,2020,16
8,DEN,Vic Fangio,2020,16
9,DET,Matt Patricia,2020,11
10,GNB,Matt LaFleur,2020,16
11,HOU,Romeo Crennel,2020,12
12,IND,Frank Reich,2020,16
13,JAX,Doug Marrone,2020,16
14,KAN,Andy Reid,2020,16
15,LAC,Anthony Lynn,2020,16
16,LAR,Sean McVay,2020,16
17,LVR,Jon Gruden,2020,16
18,MIA,Brian Flores,2020,16
19,MIN,Mike Zimmer,2020,16
20,NOR,Sean Payton,2020,16
21,NWE,Bill Belichick,2020,16
22,NYG,Joe Judge,2020,16
23,NYJ,Adam Gase,2020,16
24,PHI,Doug Pederson,2020,16
25,PIT,Mike Tomlin,2020,16
26,SEA,Pete Carroll,2020,16
27,SFO,Kyle Shanahan,2020,16
28,TAM,Bruce Arians,2020,16
29,TEN,Mike Vrabel,2020,16
30,WAS,Ron Rivera,2020,16
0,ATL,Arthur Smith,2021,17
1,BAL,John Harbaugh,2021,17
2,BUF,Sean McDermott,2021,17
3,CAR,Matt Rhule,2021,17
4,CHI,Matt Nagy,2021,17
5,CIN,Zac Taylor,2021,17
6,CLE,Kevin Stefanski,2021,17
7,DAL,Mike McCarthy,2021,17
8,DEN,Vic Fangio,2021,17
9,DET,Dan Campbell,2021,17
10,GNB,Matt LaFleur,2021,17
11,HOU,David Culley,2021,17
12,IND,Frank Reich,2021,17
13,JAX,Urban Meyer,2021,13
14,KAN,Andy Reid,2021,17
15,LAC,Brandon Staley,2021,17
16,LAR,Sean McVay,2021,17
17,LVR,Rich Bisaccia,2021,12
18,MIA,Brian Flores,2021,17
19,MIN,Mike Zimmer,2021,17
20,NOR,Sean Payton,2021,17
21,NWE,Bill Belichick,2021,17
22,NYG,Joe Judge,2021,17
23,NYJ,Robert Saleh,2021,17
24,PHI,Nick Sirianni,2021,17
25,PIT,Mike Tomlin,2021,17
26,SEA,Pete Carroll,2021,17
27,SFO,Kyle Shanahan,2021,17
28,TAM,Bruce Arians,2021,17
29,TEN,Mike Vrabel,2021,17
30,WAS,Ron Rivera,2021,17
0,ATL,Arthur Smith,2022,17
1,BAL,John Harbaugh,2022,17
2,BUF,Sean McDermott,2022,16
3,CAR,Steve Wilks,2022,12
4,CHI,Matt Eberflus,2022,17
5,CIN,Zac Taylor,2022,16
6,CLE,Kevin Stefanski,2022,17
7,DAL,Mike McCarthy,2022,17
8,DEN,Nathaniel Hackett,2022,15
9,DET,Dan Campbell,2022,17
10,GNB,Matt LaFleur,2022,17
11,HOU,Lovie Smith,2022,17
12,IND,Frank Reich,2022,9
13,JAX,Doug Pederson,2022,17
14,KAN,Andy Reid,2022,17
15,LAC,Brandon Staley,2022,17
16,LAR,Sean McVay,2022,17
17,LVR,Josh McDaniels,2022,17
18,MIA,Mike McDaniel,2022,17
19,MIN,Kevin O'Connell,2022,17
20,NOR,Dennis Allen,2022,17
21,NWE,Bill Belichick,2022,17
22,NYG,Brian Daboll,2022,17
23,NYJ,Robert Saleh,2022,17
24,PHI,Nick Sirianni,2022,17
25,PIT,Mike Tomlin,2022,17
26,SEA,Pete Carroll,2022,17
27,SFO,Kyle Shanahan,2022,17
28,TAM,Todd Bowles,2022,17
29,TEN,Mike Vrabel,2022,17
30,WAS,Ron Rivera,2022,17
0,ATL,Arthur Smith,2023,17
1,BAL,John Harbaugh,2023,17
2,BUF,Sean McDermott,2023,17
3,CAR,Frank Reich,2023,11
4,CHI,Matt Eberflus,2023,17
5,CIN,Zac Taylor,2023,17
6,CLE,Kevin Stefanski,2023,17
7,DAL,Mike McCarthy,2023,17
8,DEN,Sean Payton,2023,17
9,DET,Dan Campbell,2023,17
10,GNB,Matt LaFleur,2023,17
11,HOU,DeMeco Ryans,2023,17
12,IND,Shane Steichen,2023,17
13,JAX,Doug Pederson,2023,17
14,KAN,Andy Reid,2023,17
15,LAC,Brandon Staley,2023,14
16,LAR,Sean McVay,2023,17
17,LVR,Antonio Pierce,2023,9
18,MIA,Mike McDaniel,2023,17
19,MIN,Kevin O'Connell,2023,17
20,NOR,Dennis Allen,2023,17
21,NWE,Bill Belichick,2023,17
22,NYG,Brian Daboll,2023,17
23,NYJ,Robert Saleh,2023,17
24,PHI,Nick Sirianni,2023,17
25,PIT,Mike Tomlin,2023,17
26,SEA,Pete Carroll,2023,17
27,SFO,Kyle Shanahan,2023,17
28,TAM,Todd Bowles,2023,17
29,TEN,Mike Vrabel,2023,17
30,WAS,Ron Rivera,2023,17
0,ATL,Raheem Morris,2024,17
1,BAL,John Harbaugh,2024,17
2,BUF,Sean McDermott,2024,17
3,CAR,Dave Canales,2024,17
4,CHI,Matt Eberflus,2024,12
5,CIN,Zac Taylor,2024,17
6,CLE,Kevin Stefanski,2024,17
7,DAL,Mike McCarthy,2024,17
8,DEN,Sean Payton,2024,17
9,DET,Dan Campbell,2024,17
10,GNB,Matt LaFleur,2024,17
11,HOU,DeMeco Ryans,2024,17
12,IND,Shane Steichen,2024,17
13,JAX,Doug Pederson,2024,17
14,KAN,Andy Reid,2024,17
15,LAC,Jim Harbaugh,2024,17
16,LAR,Sean McVay,2024,17
17,LVR,Antonio Pierce,2024,17
18,MIA,Mike McDaniel,2024,17
19,MIN,Kevin O'Connell,2024,17
20,NOR,Dennis Allen,2024,9
21,NWE,Jerod Mayo,2024,17
22,NYG,Brian Daboll,2024,17
23,NYJ,Jeff Ulbrich,2024,12
24,PHI,Nick Sirianni,2024,17
25,PIT,Mike Tomlin,2024,17
26,SEA,Mike Macdonald,2024,17
27,SFO,Kyle Shanahan,2024,17
28,TAM,Todd Bowles,2024,17
29,TEN,Brian Callahan,2024,17
30,WAS,Dan Quinn,2024,17
0,ATL,Raheem Morris,2024,17
1,BAL,John Harbaugh,2024,17
2,BUF,Sean McDermott,2024,17
3,CAR,Dave Canales,2024,17
4,CHI,Matt Eberflus,2024,12
5,CIN,Zac Taylor,2024,17
6,CLE,Kevin Stefanski,2024,17
7,DAL,Mike McCarthy,2024,17
8,DEN,Sean Payton,2024,17
9,DET,Dan Campbell,2024,17
10,GNB,Matt LaFleur,2024,17
11,HOU,DeMeco Ryans,2024,17
12,IND,Shane Steichen,2024,17
13,JAX,Doug Pederson,2024,17
14,KAN,Andy Reid,2024,17
15,LAC,Jim Harbaugh,2024,17
16,LAR,Sean McVay,2024,17
17,LVR,Antonio Pierce,2024,17
18,MIA,Mike McDaniel,2024,17
19,MIN,Kevin O'Connell,2024,17
20,NOR,Dennis Allen,2024,9
21,NWE,Jerod Mayo,2024,17
22,NYG,Brian Daboll,2024,17
23,NYJ,Jeff Ulbrich,2024,12
24,PHI,Nick Sirianni,2024,17
25,PIT,Mike Tomlin,2024,17
26,SEA,Mike Macdonald,2024,17
27,SFO,Kyle Shanahan,2024,17
28,TAM,Todd Bowles,2024,17
29,TEN,Brian Callahan,2024,17
30,WAS,Dan Quinn,2024,17
